-- phpMyAdmin SQL Dump
-- version 4.0.2
-- http://www.phpmyadmin.net
--
-- Host: localhost
-- Generation Time: May 07, 2019 at 04:50 PM
-- Server version: 5.6.11-log
-- PHP Version: 5.3.25

SET SQL_MODE = "NO_AUTO_VALUE_ON_ZERO";
SET time_zone = "+00:00";


/*!40101 SET @OLD_CHARACTER_SET_CLIENT=@@CHARACTER_SET_CLIENT */;
/*!40101 SET @OLD_CHARACTER_SET_RESULTS=@@CHARACTER_SET_RESULTS */;
/*!40101 SET @OLD_COLLATION_CONNECTION=@@COLLATION_CONNECTION */;
/*!40101 SET NAMES utf8 */;

--
-- Database: `itu_journal`
--
CREATE DATABASE IF NOT EXISTS `itu_journal` DEFAULT CHARACTER SET latin1 COLLATE latin1_swedish_ci;
USE `itu_journal`;

-- --------------------------------------------------------

--
-- Table structure for table `categorie`
--

CREATE TABLE IF NOT EXISTS `categorie` (
  `id_categorie` int(11) NOT NULL AUTO_INCREMENT,
  `categorie` varchar(250) NOT NULL,
  PRIMARY KEY (`id_categorie`)
) ENGINE=MyISAM  DEFAULT CHARSET=latin1 AUTO_INCREMENT=5 ;

--
-- Dumping data for table `categorie`
--

INSERT INTO `categorie` (`id_categorie`, `categorie`) VALUES
(1, 'Actualite'),
(2, 'Economie'),
(3, 'Entertainment'),
(4, 'Hight-Tech');

-- --------------------------------------------------------

--
-- Table structure for table `commentaire`
--

CREATE TABLE IF NOT EXISTS `commentaire` (
  `id_commentaire` int(11) NOT NULL AUTO_INCREMENT,
  `id_nouvelle` int(11) NOT NULL,
  `nom` varchar(250) NOT NULL,
  `email` varchar(250) NOT NULL,
  `commentaire` varchar(1000) NOT NULL,
  `date_commentaire` datetime NOT NULL,
  PRIMARY KEY (`id_commentaire`)
) ENGINE=MyISAM  DEFAULT CHARSET=latin1 AUTO_INCREMENT=10 ;

--
-- Dumping data for table `commentaire`
--

INSERT INTO `commentaire` (`id_commentaire`, `id_nouvelle`, `nom`, `email`, `commentaire`, `date_commentaire`) VALUES
(3, 23, 'rakoto', 'm.vola@ymail.com', 'commentaire', '2019-05-01 19:06:19'),
(4, 21, 'koto', 'm.vola@ymail.com', 'commentaire', '2019-05-01 19:12:47'),
(5, 23, 'aina', 'm.vola@ymail.com', 'salut tsy mlay', '2019-05-01 19:21:01'),
(6, 21, 'vola', 'm.vola@ymail.com', 'aiza e!', '2019-05-01 19:22:59'),
(7, 23, 'setra', 'm.vola@ymail.com', 'tralala', '2019-05-01 19:33:33'),
(8, 12, 'ando', 'm.vola@ymail.com', 'comment', '2019-05-02 12:09:30'),
(9, 12, 'no', 'no@ymail.com', 'comment', '2019-05-02 12:09:51');

-- --------------------------------------------------------

--
-- Table structure for table `nouvelle`
--

CREATE TABLE IF NOT EXISTS `nouvelle` (
  `id_nouvelle` int(11) NOT NULL AUTO_INCREMENT,
  `id_categorie` int(11) NOT NULL,
  `id_sous_categorie` int(11) NOT NULL,
  `auteur` varchar(250) NOT NULL,
  `titre` varchar(250) NOT NULL,
  `description` varchar(50000) NOT NULL,
  `vue` double NOT NULL,
  `date_nouvelle` datetime NOT NULL,
  PRIMARY KEY (`id_nouvelle`)
) ENGINE=MyISAM  DEFAULT CHARSET=latin1 AUTO_INCREMENT=50 ;

--
-- Dumping data for table `nouvelle`
--

INSERT INTO `nouvelle` (`id_nouvelle`, `id_categorie`, `id_sous_categorie`, `auteur`, `titre`, `description`, `vue`, `date_nouvelle`) VALUES
(12, 1, 1, ' Kenichi Matsuda', 'Affaire Carlos Ghosn', 'Pas de procès cette année ? Selon plusieurs médias japonais, le procès de l’ex-PDG de Renault-Nissan Carlos Ghosn, qui devait s’ouvrir en septembre, sera repoussé et pourrait ne pas se tenir avant 2020.Sous le coup de quatre inculpations – deux pour des dissimulations de revenus dans des documents boursiers et deux pour des cas différents d’abus de confiance aggravé – il prépare sa défense.Le temps de la justiceLors de rencontres préliminaires entre le parquet et les avocats de la défense, le tribunal du district de Tokyo a proposé que le procès de l’industriel franco-libano-brésilien s’ouvre en septembre, selon des médias, citant des sources non identifiées.Le tribunal a indiqué vendredi aux avocats de la défense et à l’accusation qu’il revenait sur cette décision sans pour autant proposer de nouveau calendrier, selon l’agence de presse japonaise Kyodo News. Selon elle, ce changement signifierait que le procès ne s’ouvrira pas cette année.Le tribunal a également décidé de ne pas séparer le procès de Carlos Ghosn, de son bras droit Greg Kelly et de Nissan, tous accusés d’avoir omis de déclarer une grande partie de leurs revenus, entre 2010 et 2018.Retour à la case prison ?Les avocats de Carlos Ghosn souhaitent que leur client soit jugé séparément de Nissan, inculpé dans l’affaire mais virulent pourfendeur de son ancien patron. Ils estiment que cela irait à l’encontre d’un procès équitable.Le quotidien Sankei Shimbun a pour sa part affirmé que les procureurs ont renoncé à interjeter appel devant la Cour suprême contre la libération sous caution de l’ex-PDG. Ainsi, il ne serait plus susceptible de retourner en prison à moins d’être à nouveau arrêté pour de nouveaux chefs d’accusation. Ces informations n’ont pas pu être confirmées ce samedi matin.', 102, '2019-04-29 12:42:13'),
(13, 1, 1, 'Richard Atrero', 'Sri Lanka: Au moins 15 morts', 'Au moins 15 personnes, dont six enfants, sont mortes dans la nuit de vendredi à samedi lors d’un assaut des forces de sécurité du Sri Lanka contre des djihadistes présumés, a indiqué la police.\r\n\r\nAlors que militaires et policiers essayaient d’entrer dans ce qui était selon leurs renseignements une cache de Daesh à Kalmunai (est), trois hommes se sont fait exploser, tuant trois femmes et six enfants.\r\nPlus d’une heure d’échange de coups de feu\r\n\r\nA ces morts s’ajoutent « trois autres hommes » trouvés morts en dehors de la maison, et soupçonnés d’avoir également été des kamikazes, a expliqué la police. L’assaut a donné lieu à plus d’une heure d’échange de coups de feu, a indiqué un porte-parole de l’armée, Sumith Atapattu. Puis une perquisition a permis de découvrir les corps. La police et l’armée ont par ailleurs indiqué qu’un civil avait été victime de la fusillade. Les forces de l’ordre n’ont pas déploré de blessé.\r\n\r\nVendredi, la police avait annoncé avoir saisi 150 bâtons de dynamite et un drapeau de Daesh, lors d’une perquisition dans une ville voisine, Sammanthurai. C’est au même endroit qu’aurait été tournée la vidéo de revendication des attentats, selon les enquêteurs.\r\nCes attaques suicides, qui ont visé des églises et des hôtels de luxe, ont fait 253 morts.', 1, '2019-04-29 12:44:15'),
(14, 1, 1, 'Sebastien St-Jean', 'Inondations au Canada', 'La ville de Montréal a décrété vendredi l’état d’urgence pour faire face aux inondations qui touchent l’Est du Canada, au lendemain d’une décision similaire prise par la capitale fédérale, Ottawa. L’eau « continue de monter et on est très préoccupé. Après discussion avec le service des incendies, j’ai pris la décision de décréter l’état d’urgence », a déclaré la maire de Montréal, Valérie Plante, lors d’une conférence de presse.\r\nCette mesure permettra notamment à la métropole québécoise, qui compte environ deux millions d’habitants, de « faire des dépenses supplémentaires », « réquisitionner des terrains » pour y installer du personnel et du matériel, et de « faire des évacuations forcées si nécessaire », a précisé Valérie Plante.\r\nUn millier de militaires mobilisés\r\n\r\nLes quartiers de l’ouest de l’île de Montréal sont particulièrement touchés par ces crues printanières, qui ont provoqué l’évacuation de plus de 1.100 personnes au Québec, deux ans après les pires inondations depuis un demi-siècle dans l’Est du Canada.\r\nL’élue municipale a fait part de ses inquiétudes quant aux précipitations attendues sur la métropole québécoise ce week-end, le gouvernement canadien ayant émis un avis de fortes pluies jusqu’à samedi.\r\n\r\nJeudi, la capitale du Canada, Ottawa, avait décrété préventivement l’état d’urgence face aux inondations qui menaçaient des résidences alors que des pluies abondantes étaient attendues. De l’autre côté de la rivière des Outaouais, qui sépare l’Ontario du Québec, un petit barrage menaçait de céder sous la pression de l’eau qui ne cessait de monter sur un affluent de la rivière, avaient averti les autorités québécoises, qui ont depuis fait évacuer plusieurs dizaines de personnes.\r\n\r\nUn millier de militaires restaient mobilisés au Québec où plus de 3.100 résidences ont été inondées, selon un bilan provisoire établi par les autorités provinciales.', 5, '2019-04-29 12:45:34'),
(15, 1, 2, 'Laurent Wauquiez', 'Elections européennes', 'Le patron des Républicains est satisfait... Laurent Wauquiez s’est félicité vendredi à Strasbourg des bons sondages de la liste LR pour les Européennes, en considérant que « les Français refusent d’être condamnés à la réédition de 2017 ».\r\n\r\n« Pourquoi pensez-vous que les choses bougent pour nous ? Qu’en deux mois, nous avons gagné 7 points ? Parce que les Français veulent le choix, ils refusent d’être condamnés à la réédition de 2017, entre le chaos de Marine Le Pen et la déception d’Emmanuel Macron », a lancé le président de LR.\r\nLa liste menée par François-Xavier Bellamy recueille entre 14 et 15 % d’intentions de vote dans les dernières études d’opinion, alors qu’elle avait connu un plancher de 8 % dans un sondage au cœur de l’hiver.\r\n« Il y a une liste qui va créer la surprise, c’est celle des Républicains »\r\n\r\n« La responsabilité des Républicains, c’est de réoffrir le choix », a encore lancé le président de la région Auvergne-Rhône-Alpes. « Il y a une liste qui a une dynamique, il y a une liste qui a fait bouger les choses, il y a une liste qui va créer la surprise, c’est celle des Républicains », a-t-il encore prophétisé, en faisant valoir « une petite brèche qui est en train de s’ouvrir et qui chaque jour qui passe est en train de s’élargir ».\r\n\r\nEn Alsace, Laurent Wauquiez entendait par ailleurs affirmer à nouveau son soutien à Manfred Weber, désigné par le Parti populaire européen (PPE) – auquel appartient LR – comme son « spitzenkandidat », c’est-à-dire celui à qui doit revenir le siège de président de la Commission européenne en cas de victoire du PPE aux européennes.\r\n\r\nLe principe, inauguré lors du scrutin de 2014 qui avait alors consacré Jean-Claude Juncker, est toutefois largement remis en cause par de nombreux chefs d’Etat et de gouvernement de l’Union, alors que le nom du commissaire français Michel Barnier est de plus en plus cité ces dernières semaines pour occuper le poste.\r\n\r\n« Pour l’instant, Michel Barnier n’est pas candidat et on verra si la situation évolue », a éludé Laurent Wauquiez, interrogé sur le sujet.\r\nEmmanuel Macron « n’a pas compris qu’il fallait changer d’Europe »\r\n\r\nL’étape à Strasourg entendait encore marquer un ancrage européen pour Laurent Wauquiez et François-Xavier Bellamy. Selon le patron de LR, Emmanuel Macron « n’a pas compris qu’il fallait changer d’Europe et pas l’Europe des normes, l’Europe des impôts, l’Europe de la bureaucratie ».\r\n\r\n« Strasbourg, c’est le lieu où l’Europe a montré ses failles et malheureusement sa naïveté » face à « la barbarie islamiste », a renchéri François-Xavier Bellamy, en référence à l’attentat du 11 décembre lors du marché de Noël de la capitale alsacienne.\r\n\r\n« Ce sont ces guerres, cette menace terroriste, cette menace islamiste, à laquelle il nous faut réapprendre à faire face : l’Europe doit apprendre à sortir de la naïveté », a encore répété la tête de liste lors d’un discours largement marqué par l’affirmation des « racines » gréco-latines et judéo-chrétiennes, en regrettant « l’erreur immense » de ne pas « les avoir inscrites » dans les traités européens.', 0, '2019-04-29 12:48:31'),
(16, 1, 2, 'Yannick Jadot', 'La société est prête à changer', 'A l’occasion des élections européennes, 20 Minutes interroge les têtes de liste en lice pour le scrutin du 26 mai prochain. On commence avec Yannick Jadot, qui mène la liste Europe-Ecologie-les Verts (EELV). Député européen depuis 2009, il siège à Strasbourg dans le groupe des Verts/Alliance libre européenne, qui rassemble 52 élus. Il a répondu à nos questions ce vendredi.\r\nHier, Emmanuel Macron a présenté ses mesures pour sortir de la crise des « gilets jaunes ». Qu’avez-vous pensé de ses propositions sur l’écologie ?\r\n\r\nC’est une énorme déception. On sait tous l’urgence climatique, on constate l’anéantissement de la biodiversité. Or le Président de la République continue à procrastiner. Il fait deux propositions [la création d’un « conseil de défense écologique », qui réunira les ministres dédiés pour faire les « choix stratégiques », et une mission confiée dès juin à 150 citoyens tirés au sort, pour « redessiner toutes les mesures concrètes d’aide aux citoyens sur la transition climatique »]. Mais les organes en charge de la concertation sur l’écologie existent déjà : on a le conseil national de la transition écologique (CNTE) depuis 2013. Emmanuel Macron nous invente un machin au titre ronflant, laissant entendre que lors d’un conseil des ministres classique, on ne peut pas prendre de décisions sur le climat. C’est pour masquer son inaction, une inaction coupable.\r\nQuelles sont les 3 mesures prioritaires qu’il aurait fallu annoncer selon vous ?\r\n\r\nUn plan Marshall sur la transition énergétique, en particulier sur l’isolation des logements. Cela permettrait de réduire de plusieurs centaines d’euros par an la facture d’énergie des ménages, donc de lutter contre la vie chère, en préservant l’environnement et en créant des dizaines de milliers d’emplois d’artisans, d’ingénieurs, d’architectes, d’ouvriers du bâtiment, sur tout le territoire, même les zones rurales. Pour le financer, nous demandons que les 52 milliards de la fiscalité écologique soient totalement réinvestis sur la transition écologique. Et dans notre programme européen, nous défendons un plan d’investissement de 100 milliards par an sur la transition écologique.\r\n\r\nIl faut aussi sanctuariser les services publics : les postes, les gares et les maternités, et pas seulement les écoles et hôpitaux. Emmanuel Macron renvoie aux maires la responsabilité de maintenir ou fermer un service public. C’est assez scandaleux et cynique de la part d’un gouvernement qui n’a cessé de réduire les dotations budgétaires des collectivités. Il faut également sanctuariser les infrastructures vitales qui relèvent de notre patrimoine commun :  les barrages hydroélectriques, qui sont en train d’être privatisés, et les aéroports.\r\n\r\nEnfin, la transition de notre modèle agricole est une priorité. Il faut absolument interdire dès maintenant le glyphosate et sortir des pesticides en 15 ans.\r\nL’Union européenne est-elle l’échelon idéal pour mettre en place votre programme ? Votre plan de 100 milliards d’euros annuels sera-t-il facile à défendre à Bruxelles qui fixe aux Etats un déficit public maximum à 3 % du PIB ?\r\n\r\nOn peut sortir les investissements écologiques des 3 % de déficit. Il n’y a pas besoin de changer les traités, il faut simplement en avoir la volonté politique. Par ailleurs, la banque centrale européenne a sorti près de 4.000 milliards d’euros après la crise financière pour renflouer les banques. Il faut qu’elle rachète des prêts émis pour financer la transition écologique.\r\n\r\nPour mener la transition agricole, l’Europe est le bon échelon : les 9 milliards d’euros annuels que la France reçoit de la PAC [politique agricole commune] doivent être réorientés pour accompagner les agriculteurs vers l’abandon des pesticides.\r\n\r\nLe climat, les océans, la biodiversité n’ont pas de frontières. Il nous faut un échelon capable de peser face à Trump, Poutine, à la Chine et de porter à l’échelle internationale les enjeux écologiques qui concernent toute l’humanité. Il nous faut la force de frappe européenne pour faire de la recherche, de l’innovation, et investir dans la transition écologique.', 0, '2019-04-29 12:50:07'),
(17, 1, 2, 'Jacques', 'Le déplacement d''Emmanuel Macron', 'Emmanuel Macron ne se rendra pas dans les Outre-mer le mois avant les élections européennes. Le déplacement du président à Mayotte et à La Réunion, prévu initialement dans deux mois, a été reporté « à l’automne », en raison d’un agenda très chargé durant le mois de juin, a-t-on appris vendredi auprès de l’Elysée. Le chef de l’Etat avait annoncé en février, lors d’un grand débat avec les élus ultramarins à l’Elysée, qu’il se rendrait dans les deux îles de l’océan Indien en juin.\r\n\r\nMayotte, confrontée à une forte immigration clandestine venue des Comores voisines, a été le théâtre d’un long mouvement de contestation populaire au printemps 2017, contre l’insécurité et l’immigration clandestine, et pour un rattrapage économique et social avec la métropole. Lors du grand débat, Emmanuel Macron, interrogé notamment sur l’immigration clandestine et la convergence des minima sociaux mahorais sur ceux de la métropole, avait promis qu’il ferait « tout pour avoir une réponse pérenne au mois de juin ».\r\n\r\nL’île de la Réunion a de son côté été bloquée et son économie paralysée pendant plus de deux semaines en novembre et décembre 2018 par des « gilets jaunes » qui dénonçaient des inégalités sociales et réclamaient une hausse de leur pouvoir d’achat.', 0, '2019-04-29 12:51:16'),
(18, 1, 3, 'lifeisforsharingDT', 'Un jeu vidéo développé par des neuroscientifiques', 'Des scientifiques français et britannique ont constitué une base de données très riche leur permettant de faire avancer la recherche sur la maladie d''Alzheimer grâce à l’utilisation… du jeu vidéo « Sea Hero Quest ». Les informations recueillies sur les joueurs de ce jeu de réalité virtuelle les ont ainsi aidés à détecter les signes annonciateurs de la pathologie, indique ce mercredi le Journal du Centre national de la recherche scientifique (CNRS).\r\nLe jeu gratuit mis au point en 2016 par des neuroscientifiques évalue les capacités d’orientation dans l’espace des joueurs. Les utilisateurs de « Sea Hero Quest » incarnent un capitaine de navire qui doit relever plusieurs défis de navigation. Les données de quatre millions de personnes ont été collectées, ainsi que leur âge, leur sexe et leur nationalité. Analysés par des spécialistes à Nantes (Loire-Atlantique) et au Royaume-Uni, les résultats ont montré que l’âge est un facteur primordial dans la qualité d’orientation des sujets. Mais les chercheurs sont ensuite allés plus loin.\r\nIntervention de l’intelligence artificielle\r\n\r\nIls ont en effet ajouté à leurs études croisées le génotype des joueurs. Et ils ont mis en avant l’importance du gène APoE, comme indiqué le 18 mars dernier dans la revue scientifique PNAS. « 75 % de la population sont porteurs d’une version « normale » de ce dernier, mais une petite partie de la population est porteuse d’une variante, E3E4, qui rend trois à quatre fois plus susceptible de développer Alzheimer », explique à France Inter le spécialiste en sciences cognitives, Antoine Courtot.\r\nLes experts travaillent désormais au développement d’une intelligence artificielle capable d’utiliser les très nombreuses données à leur disposition pour détecter les individus à risque qui ne font pas partie des groupes les plus exposés.', 0, '2019-04-29 12:53:32'),
(19, 1, 3, 'Jérôme Diesnis', 'Moustique tigre', 'A quelques jours du lancement du Plan anti-dissémination d’arboviroses par la Direction générale de la Santé, Vigilance-Moustiques, publie sa carte 2019 du moustique tigre. Cette année encore, 9 nouveaux départements sont en vigilance rouge. « La colonisation de l’ensemble du territoire continue son accélération vers le nord. La région parisienne est notamment passée entièrement en vigilance rouge ou orange », note le site.\r\nParis en vigilance rouge\r\n\r\nCetta année, la carte montre que la progression du moustique tigre est toujours en hausse avec ces 9 nouveaux départements placés en vigilance rouge, soit 51 au total, dont Paris, Seine-et-Marne, Essonne et la Seine-Saint-Denis. 15 départements sont eux en vigilance orange comme le Val-d’Oise et les Yvelines.\r\n\r\nEn tout, ce sont 66 départements qui sont colonisés ou bien en passe de l’être, soit près de 70 % du territoire. « En effet, nous observons que l’essentiel des départements qui sont en vigilance orange passent tôt ou tard en vigilance rouge », alerte Vigilance-Moustiques.', 0, '2019-04-29 12:54:24'),
(20, 1, 3, ' Pixabay', 'Une patiente filme des souris', 'La vidéo, postée sur les réseaux sociaux, est rapidement devenue virale. Une patiente de l’hôpital Tenon, situé dans le 20e arrondissement de Paris, a filmé le 15 avril des souris en train de courir dans sa chambre. « La veille, j’avais déjà entendu des bruits suspects. […] Mais là, elles étaient trois à se balader tranquillement dans la chambre. J’étais horrifiée : j’ai une phobie des souris », a confié la jeune femme au Parisien, après avoir posté une vidéo de la scène sur Facebook.\r\n\r\n« J’ai fait cette vidéo pour que les choses bougent. Une telle situation est scandaleuse en 2019, en France, dans un hôpital qui doit être irréprochable sur le plan de l’hygiène », a expliqué la jeune femme, atteinte de drépanocytose.\r\nDéjà plusieurs alertes au CHSCT\r\n\r\nLa patiente a aussitôt demandé à quitter l’établissement, avant d’être admise de nouveau quelques jours plus tard, mais dans un autre service.\r\n\r\nCe phénomène est connu en interne, puisqu’un syndicaliste a expliqué au Parisien que la présence de rongeurs a déjà fait l’objet de plusieurs alertes au CHSCT. « Ce n’est pas nouveau et cela concerne tout l’hôpital : c’est un problème récurrent depuis la construction d’un bâtiment neuf en 2013. Il y a eu plusieurs alertes en comité d’hygiène, de sécurité et des conditions de travail (CHSCT), mais on n’arrive pas à les éradiquer ».\r\nDes contrôles par une société extérieure\r\n\r\nL’Assistance publique – Hôpitaux de Paris (AP-HP) assure avoir fait appel à une société extérieure pour suivre l’évolution de la situation et effectuer des interventions en cas de signalement. « Des consignes à respecter pour les personnels sont affichées pour rappel, notamment au sein des offices alimentaires afin d’éviter la survenue de nuisibles. Le personnel est également encouragé à signaler leur présence », a notamment expliqué l’AP-HP.\r\n\r\nDe son côté, la jeune femme qui a tourné la scène prévoit d’écrire à la direction pour faire part de son mécontentement. « Pas question pour moi de retourner dans ce service », a-t-elle déclaré.', 0, '2019-04-29 12:56:02'),
(21, 2, 4, 'M.Libet', 'Circulation: Samedi orange et lundi rouge', 'Alerte aux bouchons ce week-end sur les routes de France. Alors que ce samedi marque le coup d’envoi du week-end de Pâques, le début des vacances scolaires pour la zone C et la fin de celle de la zone A, Bison Futé ?prévoit que les trois journées de week-end pascal, seront « les plus difficiles de toutes les vacances scolaires de printemps sur le plan de la circulation routière ».\r\nSamedi orange dans le sens des départs\r\n\r\nLa journée est classée orange ce samedi au niveau national dans le sens des départs. Selon le bulletin de prévision détaillé publié sur le site de Bison Futé, la circulation sera particulièrement dense dans la matinée et jusqu’à 15 heures principalement sur les grands axes permettant de quitter les grandes métropoles.\r\n\r\n« En Île-de-France, la circulation sera très dense dès les premières heures de la matinée jusqu’à 18 heures en direction des barrières de péage des autoroutes A10 et A6. Des difficultés de circulation sont attendues également sur l’autoroute A13 dès le milieu de la matinée », précise le site.\r\nLundi rouge en Ile-de-France dans le sens des retours\r\n\r\nAprès une journée verte dans les deux sens dimanche, les difficultés seront de retour lundi : Bison Futé prévoit de l’orange au niveau national dans le sens des retours et du rouge en Ile-de-France,\r\n\r\nLes bouchons et ralentissement démarreront dès 15 heures « au plus près des zones côtières du pays » et se rapprocheront petit à petit des grandes métropoles, aux abords desquelles « les dernières difficultés devraient disparaître vers 20 heures », « En Île-de-France, des difficultés de circulation sont attendues tout au long de l’après-midi jusque tard dans la soirée sur les autoroutes A10, A6 et A13 », précise Bison Futé. Pour un retour vers une grande ville, il est donc conseillé de rentrer « avant 14 heures ou après 20 heures ».', 16, '2019-04-29 13:20:45'),
(22, 2, 4, 'Richard Drew', 'Elon Musk accepte de faire approuver ses tweets ', 'Le PDG de Tesla Elon Musk, 47 ans, est finalement parvenu à un accord à l’amiable avec l’autorité des marchés financiers, qui l’accusait d’outrage et demandait à la justice new-yorkaise d’intervenir, selon des documents judiciaires. Cet accord permet aux deux parties d’éviter à la justice de trancher un litige dont l’issue était très observée par les marchés financiers.\r\n\r\nIl doit encore être approuvé par une juge new-yorkaise et prévoit que toutes les communications de Elon Musk liées à Tesla quel qu’en soit le support -réseaux sociaux, communiqués de presse, conférences téléphoniques- soient désormais approuvées auparavant par un avocat expérimenté en affaires financières et réglementaires, selon les documents.\r\nElon Musk est connu pour son caractère fantasque\r\n\r\nSont concernés tous les tweets contenant des informations sur la situation financière de Tesla, d’éventuelles fusions-acquisitions, les prévisions, les chiffres de production ou de nouvelles activités ou produits. Le feu vert de l’avocat spécialisé n’est en revanche pas nécessaire si les informations en question ont déjà été publiées par Tesla, est-il précisé de même source.\r\n\r\nLa SEC, le gendarme boursier, reprochait à Elon Musk, connu pour son caractère fantasque, d’avoir multiplié des tweets dont le contenu était susceptible de tromper les investisseurs et d’influencer le cours de l’action du constructeur de véhicules électriques.\r\nEn octobre dernier, les deux parties avaient déjà conclu un accord à la suite d’un tweet du 7 août dans lequel l’entrepreneur assurait disposer des financements appropriés pour retirer Tesla de la Bourse. A la suite d’un nouveau tweet en février, la SEC avait saisi la justice, estimant qu’Elon Musk avait enfreint leur accord.\r\nDes tweets qui font flamber l’action de Tesla\r\n\r\nLe tweet du 7 août avait fait flamber l’action et fait perdre beaucoup d’argent à des investisseurs ayant parié sur l’effondrement du titre du groupe, dont la rentabilité demeure fragile plus de quinze ans après sa création.\r\n\r\nN’étant pas parvenu à apporter les preuves de son affirmation, Elon Musk s’était vu infliger une amende de 20 millions de dollars par la SEC. Le régulateur avait aussi obtenu à l’époque que toute communication du patron « contenant ou pouvant contenir des informations susceptibles d’affecter Tesla ou ses actionnaires » soit passée en revue par les juristes de l’entreprise avant d’être publiée.', 4, '2019-04-29 13:21:44'),
(23, 2, 4, 'J.Chiu/AP/SIPA', 'une Tesla prenant feu sans raison dans un parking', 'La vidéo se diffuse comme une traînée de poudre. Issue d’une caméra de surveillance d’un parking de Shanghai, on y voit une fumée blanche s’échapper d’une Tesla Model S à l’arrêt, avant qu’une explosion très forte ne se produise et entraîne l’incendie du véhicule.\r\nTesla, qui a le projet de s''imposer en Chine où il construit actuellement sa première usine, à Shanghai justement, prend l’affaire très au sérieux. Le constructeur américain a affirmé lundi avoir envoyé une équipe sur place pour « faciliter l’enquête ».\r\n\r\n« Nous sommes en train de contacter activement les services concernés et d’offrir notre collaboration afin de comprendre ce qui s’est passé. Selon les informations récoltées jusqu’à présent, il n’y a aucun mort ou blessé », a réagi Tesla sur son compte officiel Weibo.\r\n\r\nEn juin 2018, la vidéo d''un incendie d’une Tesla dans les rues de Los Angeles avait déjà fait le tour du Web en quelques heures. La femme du propriétaire du véhicule, l’actrice américaine Mary McCormack, affirmait alors que la batterie avait pris feu « sans raison » et sans le moindre accident.', 45, '2019-04-29 13:22:38'),
(24, 2, 5, 'ALLILIMOURAD/SIPA', 'A combien s’élèvent les salaires dans le secteur privé?', 'Êtes-vous mieux ou moins bien payé(e) que les autres salariés du secteur privé ? Pour vous permettre de vous réjouir (ou de vous plaindre), l’Insee a publié ce mardi une étude sur le sujet. En 2016, dernière année étudiée, le salaire mensuel moyen d’un travailleur du secteur privé s’élevait à 2.238 euros net. Un chiffre qui laisse un peu sur sa faim car la moyenne, par définition, ne reflète pas les écarts entre les rémunérations.\r\nLe « top 1 % » gagne plus de 8.600 euros mensuels\r\n\r\nPour mieux se rendre compte des inégalités de rémunérations, il faut regarder le salaire médian. Selon l’Insee, il s’établit à 1.789 euros net. Autrement dit, en France, 50 % des salariés du secteur privé gagnent moins que cette somme. L’Insee divise ensuite la population active par tranches (voir graphique ci-dessous).\r\n\r\nAinsi, les 10 % des travailleurs les moins bien payés (ou 1er décile, en langage statistique), gagnent moins de 1.189 euros par mois. A l’autre bout du spectre, si vous touchez plus de 3.576 euros net mensuels, vous faites partie des 10 % des salariés les mieux payés (9e décile). Enfin, 1 % des salariés perçoivent plus de 8.629 euros par mois.\r\n \r\n\r\nCet écart entre les hauts et les bas salaires ne cesse de grandir. Comme le rappelle l’Insee, les 10 % les mieux rémunérés ont vu leur salaire croître de 5 % entre 2008 et 2016. C’est un rythme deux fois plus rapide que celui des salariés les moins bien payés (+2,3 % d’augmentation seulement sur la même période).\r\n\r\nEn revanche, l’écart de rémunération entre les hommes et les femmes, lui, continue de se réduire. Selon l’étude, « en 2016, les salaires en EQTP [équivalent temps plein] des femmes sont en moyenne inférieurs de 18,9 % à ceux des hommes », soit 3,4 points de moins qu’en 2002. Les disparités restent néanmoins très élevées pour les hauts salaires : les 10 % des femmes les mieux payées gagnent 21 % de moins que leurs homologues masculins (3.091 euros mensuels contre 3.926 euros mensuels). Ces écarts sont liés en partie aux différences structurelles d''emplois entre les hommes et les femmes (emplois plus précaires, dans des secteurs moins rémunérateurs), et à l''accès plus compliqué aux postes à responsabilités. \r\n \r\nL’avantage de la fidélité\r\n\r\nEnfin, l’Insee rappelle que rester dans la même entreprise plusieurs années de suite peut donner un avantage salarial. En effet, les salariés « en place », c’est-à-dire n’ayant pas changé d’entreprise entre 2015 et 2016, ont vu leur rémunération nette progresser de 2 % pendant cette période. C’est quatre fois plus que l’augmentation moyenne dans le secteur privé (+0,5 %). « Cette hausse intègre les gains liés à l’ancienneté et aux progressions de carrière » explique l’Insee.', 1, '2019-04-29 13:24:05'),
(25, 2, 5, 'A. GELEBART', 'Le nombre de chômeurs a baissé de 0,7 %', 'Après la baisse enregistrée au dernier trimestre 2018, le nombre de chômeurs a, de nouveau, légèrement diminué au 1er trimestre (-25.000, -0,7 %) pour s’établir à 3,649 millions de personnes en France entière, selon des chiffres publiés par Pôle emploi, ce vendredi.\r\n\r\nLe nombre de personnes inscrites, avec ou sans activité, est lui resté stable à 5,915 millions de personnes, alors qu’il avait reculé au dernier trimestre 2018.', 0, '2019-04-29 13:24:55'),
(26, 2, 5, 'Keita Iijima/AP/SIPA', 'Robotisation: 14% des emplois actuels pourraient disparaître d''ici 20 ans', 'L’automatisation devrait avoir un impact profond sur l’emploi dans les 15 à 20 ans à venir. 14 % des métiers actuels sont menacés, soit près d’un sur sept, estime en effet l’Organisation de coopération et de développement économiques (OCDE) dans un rapport rendu public ce jeudi à Berlin. 32 % d’entre eux sont susceptibles d’être « profondément transformés ». Or, la reconversion des travailleurs et leur formation dans le numérique accusent un retard important, alerte l’organisme.\r\nUne bombe à retardement\r\n\r\nSelon Angel Gurria, le Secrétaire général de l’OCDE, le manque de préparation à ce basculement dans l’ère numérique constitue une bombe à retardement sur le plan social et politique. « Il est important que les individus aient le sentiment qu’ils seront soutenus s’ils sortent perdants des transformations en cours, et qu’ils seront aidés dans leur recherche de nouvelles et meilleures opportunités », plaide-t-il dans un communiqué.\r\n\r\nSelon l’institution, 56 % de la population adulte des pays de l’OCDE n’a que des compétences « basiques » ou inexistantes en matière de technologies de l’information et de la communication (TIC).\r\nInvestir sur la formation\r\n\r\nEn priorité, l’organisation recommande aux pays membres d’insister sur l’offre de formation professionnelle? : « campagnes d’information » et offres de formations « plus flexibles » et adaptées au rythme des employés actifs.\r\n\r\nLes dispositifs incitant à la formation, par exemple le « compte personnel » mis en place en 2015 en France, se heurtent à un sous-investissement de la part des employeurs, notamment aux Etats-Unis, déplore le rapport.\r\n\r\nEgalement dans le viseur de l’organisation, la proportion croissante de « travailleurs indépendants ». Un travailleur sur 7 travaille à son compte et se trouve généralement à l’écart des offres de formation ou de reconversion.', 16, '2019-04-29 13:26:07'),
(27, 2, 6, 'Odd ANDERSEN / AFP', 'Allemagne: Manifestations pour contester', 'Plusieurs milliers de personnes manifestent ce samedi après-midi à Berlin contre «la folie des loyers» et la spéculation immobilière. D''autres manifestations étaient prévues à Munich, Cologne, Francfort, Göttingen, Fribourg ou encore Mannheim.\r\n\r\nDans la capitale, les manifestants se sont rassemblés sur l''emblématique Alexanderplatz, d''où ils devaient gagner le quartier de Kreuzberg, en voie de gentrification et frappé par des hausses de loyers depuis plusieurs années. Les organisateurs tablaient, avant le début de la marche, sur au moins 6.000 participants.\r\nDéguisés en «requins de l''immobilier»\r\n\r\n«Pas de démolition d''immeubles habitables», ont notamment lancé les manifestants. D''autres arboraient une pancarte «Surprise! Le marché ne se régule pas de lui-même». Certains étaient déguisés en «requins de l''immobilier».\r\n\r\nLes organisateurs ont aussi lancé ce samedi un appel à signatures pour que soit organisé un référendum local sur l''expropriation par la mairie de Berlin des sociétés immobilières détenant plus de trois mille logements.\r\nLe prix de la location a doublé en 10 ans à Berlin\r\n\r\nLes manifestants dénoncent en particulier des groupes comme Deutsche Wohnen et Vonovia, qui ont racheté des milliers d''édifices, profitant de prix bien plus bas que dans d''autres capitales européennes, avant de les louer à des loyers élevés.\r\n\r\nA Berlin, le prix du logement à la location a ainsi doublé en dix ans. Cette évolution des prix est portée par la popularité des grandes villes, où Allemands et Européens viennent s''installer par dizaines de milliers chaque année sans que l''offre ne suive.\r\nJusqu''à 36 milliards d''euros de dépense pour la ville\r\n\r\nParmi les solutions figure le rachat d''immeubles par la ville, qui est dirigée par une coalition gauche-extrême-gauche-Verts, et ainsi arrêter l''envolée des loyers. Cette option est évoquée depuis quelques mois, même si les finances municipales sont dans un état catastrophique, alors que le prix du m2 a également explosé.\r\n\r\nLa mairie devrait dépenser de son propre aveu jusqu''à 36 milliards d''euros, et cela alors qu''elle a vendu à bien moins cher par le passé une partie conséquente de son parc immobilier. «Quand les gens sauront de combien de milliards il est question, beaucoup verront les choses autrement», a reconnu le maire, Michael Müller.', 0, '2019-04-29 13:30:04'),
(28, 2, 6, 'N. Bonzom', 'Montpellier: Sur la route de Mende', 'Sur la route de Mende, à Montpellier, les travaux de la ligne 5 du tramway ont débuté. L’avenue a été placée en sens unique, vers la rue de l’Hortus, pendant 18 mois, pour permettre aux ouvriers de sécuriser le réseau d’eau potable. Dans un peu plus de cinq ans, les rames arpenteront ce quartier universitaire, du campus Paul-Valéry à Agropolis. De quoi booster encore un peu plus la pression immobilière dans le secteur.\r\n\r\n« Le projet a entraîné une certaine effervescence dans le quartier, assure le propriétaire d’une maison, située au nord de la route de Mende, à quelques mètres du tracé de la ligne 5. Il ne se passe pas une semaine sans que l’on ait dans la boîte aux lettres un petit mot pour savoir si l’on n’a pas un terrain à vendre. » Et des friches, « il y en a », assure cet habitant, en pointant du doigt un petit bout de terre, au-dessus de sa villa.\r\n« Ça construit de tous les côtés »\r\n\r\nKevin, locataire dans le quartier depuis quinze ans, confirme la « pression immobilière ». « Depuis l’annonce du passage du tramway, ça construit de tous les côtés ici, confie-t-il. Les pelles mécaniques et les grues, c’est devenu notre quotidien. »\r\n\r\nUn agent immobilier, installé près de l’université de lettres, a lui aussi remarqué dans le quartier une véritable course aux constructions. « Il y a des chantiers un peu partout, la pression est assez importante dans le secteur, confie-t-il. La tendance est à la suppression des maisons individuelles pour en faire des résidences locatives, pour attirer les étudiants. Certes, il y avait déjà la ligne 1, avec l’arrêt Saint-Eloi, tout près d’ici, mais la ligne 5, ce sera un énorme plus pour ceux qui vont vivre ici. »\r\n« Il est logique que le tissu urbain qui longe le tramway soit modifié »\r\n\r\n« Nous recevons, nous constructeurs, des demandes constantes dans ces quartiers, et l’arrivée du tramway va certainement dupliquer ces demandes, indique Laurent Villaret, président de la Fédération des promoteurs immobilier d’Occitanie. Il est logique que le tissu urbain qui longe le tramway soit modifié, et qu’il y ait plus de logements collectifs. »\r\n\r\nQuant à la valeur des maisons situées sur le tracé du tramway, contrairement aux idées reçues, Laurent Villaret doute qu’elle s’envole. « Le prix de l’immobilier ancien est déjà très élevé dans ces quartiers, reprend-il. Je doute que la valeur soit décuplée. Cependant, il est possible que cela augmente sur certaines parcelles. »', 0, '2019-04-29 13:30:58'),
(29, 2, 6, 'WENN', 'Kim Kardashian: ses étranges lavabos', 'Un mobilier design et singulier. Voici en quelques mots le résumé de la visite de la salle de bains des Kardashian-West. Lors d’une interview pour Vogue, Kim Kardashian a offert une visite de la maison qu’elle partage avec son époux  Kanye West aux internautes. Et plusieurs d’entre eux ont été interloqués par les lavabos installés dans la salle de bains du couple.\r\n\r\nEn effet, comme on peut le voir dans la vidéo publiée par le magazine de mode, il n’y a tout simplement pas de bac d’écoulement. On dirait un plan de travail tout ce qu’il y a de plus plat.\r\nAprès cette découverte étrange, Kim Kardashian a fourni quelques explications à ses abonnés et partagé l’astuce dans une story sur le réseau social Instagram que relaye CNN.\r\nKanye West, designer professionnel\r\n\r\n« Ok, bon, puisque tout le monde semble confus concernant nos lavabos, je pensais que ce serait bien de vous faire visiter notre salle de bains. C’est Kanye qui a eu l’idée de ce design et on a fait 8 prototypes du lavabo. Donc vous voyez que ça peut couler, là. Et il y a une fente pour l’eau. Et ça rentre là. Il n’y a pas d’éclaboussures », explique-t-elle.\r\n\r\nSon mari, le rappeur Kanye West a travaillé avec l’architecte Claudio Silvestri et le designer d’intérieur Axel Vervoordt pour réaliser ces lavabos qui n’en sont pas vraiment.', 0, '2019-04-29 13:31:58'),
(30, 3, 8, 'SIPA', 'Chamonix: concerts annulée à cause du vent', 'Certains festivaliers, qui avaient réservé leurs billets de longue date pour ce vendredi, vont devoir trouver un plan B pour la soirée. Les organisateurs de Musilac Mont-Blanc, festival Rock & Ride organisé ce week-end à Chamonix, ont été contraints d’annuler la soirée de concerts prévus ce soir. En cause, les intempéries qui se sont abattues sur la Haute-Savoie jeudi. Et qui n’ont pas épargné l’aire du Bois du Bouchet où est programmée  cette deuxième édition.\r\nUne forte rafale de vent lors du montage le 25 avril a provoqué des dommages importants sur nos installations scéniques nous contraignant à annuler les concerts de ce vendredi », ont indiqué les organisateurs dans un communiqué.\r\n\r\nDepuis les dégâts matériels, toute l’équipe du festival travaille d’arrache-pied pour être en mesure d’accueillir le public samedi et dimanche autour des multiples concerts prévus dans le cadre de cette seconde édition. A l’affiche notamment : Eddy de Pretto, Charlie Winston, Les Négresses vertes, Roméo Elvis, Zazie ou encore Jeanette Berger.\r\nLes spectateurs accueillis samedi ou dimanche\r\n\r\nLes festivaliers en possession d’un billet pour le vendredi pourront assister au festival, au choix, lors des journées de samedi ou de dimanche. Les spectateurs « désirant faire une demande de remboursement devront se rapprocher de leur point de vente », précise l’organisation ce vendredi. Pour le public ayant acheté ses billets sur le site Internet du festival, les organisateurs indiquent que la procédure de remboursement sera détaillée dès mardi après-midi.\r\n\r\nSur les trois soirées de ce festival, version printanière du célèbre Musilac d’Aix-les-Bains, 45.000 personnes étaient attendues.', 10, '2019-04-29 13:34:04'),
(31, 3, 8, 'WENN', 'Pink suit une thérapie de couple', 'La clé dans un couple reste la communication, mais quand, dès le départ, on n’arrive pas à se comprendre, comme Pink et son mari, Carey Hart, on va en thérapie ! C’est en tout cas ce que conseille la chanteuse de Beautiful Trauma, qui a admis sur le plateau du Today Show de NBC suivre une thérapie avec son époux depuis leur rencontre.\r\n« Carey et moi allons en sessions de thérapie de couple quasiment depuis le début de notre relation, il y a 17 ans, et c’est la seule raison pour laquelle nous sommes encore ensemble. Nous venons tous deux de familles brisées, et nous n’avons aucun modèle pour savoir comment nous devons à la fois garder notre famille unie et vivre la vie dingue que nous menons », a-t-elle déclaré.\r\nSeule aussi\r\n\r\nPink suit également une thérapie de son côté. « J’ai été déprimée, j’ai de l’anxiété, et je pense trop à tout, mais je garde les bonnes personnes autour de moi, et je fais une thérapie », a-t-elle confié. Pourquoi en parler maintenant ? « J’espère que ce tabou finira par disparaître, parce que de plus en plus de gens en parlent », a-t-elle expliqué.\r\n\r\nIl faut croire que ça marche, puisque Pink, en plus d’être toujours mariée avec le père de ses enfants, réalise également ses rêves. La chanteuse est à la tête d’un domaine viticole?, un de ses souhaits les plus chers.', 0, '2019-04-29 13:34:44'),
(32, 3, 8, ' WENN', 'Elton John voulait que «Rocketman» soit le plus honnête possible', 'Elton John souhaitait que Rocketman, le biopic qui lui est consacré, soit fidèle à son histoire, avec « ses bas très très bas, et ses hauts très très hauts ». C’est dans une interview promotionnelle (ci-dessous) publiée sur YouTube par Paramount Pictures, qui produit le film, qu’il a expliqué sa volonté.\r\n« Ça devait être aussi honnête que possible. Les bas très bas, les hauts très hauts. C’est comme ça que je voulais que soit le film », a-t-il déclaré. Le réalisateur, Dexter Fletcher, décrit quant à lui dans l’interview le film comme étant « la narration magique de sa vie par Elton ».\r\nUne histoire incroyable\r\n\r\nUn avis partagé par Taron Egerton, qui incarne le Rocketman, et pour qui ce rôle fut « la plus grande joie » de sa « vie professionnelle ».\r\n\r\n« C’est incroyable à quel point ce gamin des classes populaires est devenu une des plus grandes icônes mondiales », conclut-il.', 1, '2019-04-29 13:35:44'),
(33, 3, 9, 'Rob Latour/REX/SIPA', 'Stefanie Sherk, s''est suicidée à l''âge de 43 ans', '« Notre chère Stefanie Sherk, ma bien-aimée et aimante épouse, est morte en paix. Cela a été le moment le plus triste et difficile de nos vies et nous ne savons pas de combien de temps nous aurons besoin pour surmonter cette douleur. La présence magnifique, angélique et talentueuse de Stéphanie va nous manquer énormément. Nous garderons Stefanie dans nos cœurs pour toujours. » C’est par ces mots que le mari de Stefanie Sherk, Demian Bichir, a annoncé le décès de l’actrice des Experts Cyber, sur Instagram.\r\nL’acteur mexicain a expliqué dans un autre message que son épouse de 43 ans souffrait de dépression et s’est suicidée en se noyant dans sa piscine. « C’est avec courage, dignité et amour pour notre Stefanie que nous confirmons cette information », a-t-il précisé.\r\nRetrouvée noyée au fond de sa piscine\r\n\r\nLe rapport médico-légal du comté de Los Angeles, cité par E News, précise que Stefanie Sherk est morte asphyxiée après s’être noyée avec des poids. La Canadienne est morte huit jours après avoir été retrouvée, réanimée et transportée à l’hôpital.\r\n\r\nStefanie Sherk devait jouer dans le film d’horreur Grudge avec Demian Bichir, dont la sortie était prévue pour 2020. Elle avait tourné sous la direction de son époux en 2016 pour son premier film en tant que réalisateur, Un Cuento de Circo & A Love Song.', 0, '2019-04-29 13:37:35'),
(34, 3, 9, 'WENN', 'Louis Tomlinson veut «tourner la page»', 'Depuis la séparation des One Direction, Louis Tomlinson a traversé des moments très difficiles, d’abord avec le décès de sa mère des suites d’une leucémie en 2016, et récemment celui de sa sœur de 18 ans qui a succombé à une crise cardiaque. Il y a quelques jours, l’artiste a publié un long message sur Instagram, expliquant qu’il venait de reconsidérer totalement ce que le « succès » signifie pour lui.\r\n« J’ai l’impression de m’être trompé sur sa définition depuis trois ans. Tout ce que je connais dans ma carrière, c’est la pop pure et simple. Mes attentes et mes envies sont toutes liées à ce que je vis et, même si je veux être réaliste, j’ai toujours eu envie d’avoir un single qui deviendrait un "hit" », a écrit le chanteur.\r\nTourner la page\r\n\r\nAlors que les fans de Louis Tomlinson attendent un album solo depuis maintenant trois ans, celui-ci ne les a gratifiés que de quelques singles, comme le récent Two of Us écrit en hommage à sa mère. Une longue période durant laquelle le chanteur aurait, au final, fait fausse route.\r\n\r\n« Ces dernières semaines, j’ai remis les choses en perspective et je me dis que je dois oublier l’image que les gens ont de moi et moins m’inquiéter d’être considéré comme un succès commercial. Je ne suis pas là pour entrer en compétition avec Drake ou Ariana Grande. Je suis là pour faire la musique que j’aime et faire en sorte que mes fans soient fiers de l’être. Je tourne une page aujourd’hui. Profitez du présent et de cette belle aventure. Et ne vous perdez pas en chemin », a-t-il ajouté.', 0, '2019-04-29 13:38:47'),
(35, 3, 9, 'WENN', 'Pink est retournée à l''école', 'Pink a dû retourner à l’école afin de réaliser un de ses grands rêves, à savoir produire son propre vin. Et comme on ne s’improvise pas viticulteur, la chanteuse a pris la sage décision de s’inscrire à des cours intensifs en la matière. L’interprète de Trouble a étudié au Allan Hancock College pour y apprendre les rudiments du métier.\r\n« Je suis retournée à l’école… Je pense que l’éducation est parfois une perte de temps quand on est jeune parce qu’on ne sait pas vraiment ce qui nous intéresse. J’aime apprendre, et j’aime travailler dur et c’est également de l’art ; c’est beau et créatif. C’est moi et une autre femme, et on assure ! », a-t-elle expliqué sur le plateau du Ellen DeGeneres Show (vidéo ci-dessus).\r\n10 hectares et deux louves\r\n\r\nDésormais, la viticultrice s’applique à mettre en valeur son vignoble de 10 hectares, baptisé Two Wolves Vineyard et situé en Californie du sud.\r\nLes premières récoltes semblent avoir porté leurs fruits puisque l’artiste et son associée ont déjà vendu 85 caisses de leur vin blanc bio. Une belle aventure qui pourra assurer les vieux jours de Pink quand elle se sera lassée de sa vie d’artiste.', 0, '2019-04-29 13:39:38');
INSERT INTO `nouvelle` (`id_nouvelle`, `id_categorie`, `id_sous_categorie`, `auteur`, `titre`, `description`, `vue`, `date_nouvelle`) VALUES
(36, 3, 10, 'P. Svancara', 'Enquête ouverte sur les carnets d''adresses électroniques', 'La procureure de l’Etat de New York, Letitia James, a annoncé jeudi l’ouverture d’une enquête sur le téléchargement indu par Facebook de 1,5 million de carnets d’adresses liés à des comptes de messagerie électronique, révélé la semaine dernière.\r\n\r\nLe 17 avril, le réseau social avait annoncé au site Business Insider que cette opération avait été effectuée, à l''insu des utilisateurs, de façon « involontaire » et s’était engagé à effacer l’ensemble des informations collectées. Facebook a annoncé au site que cette pratique, désormais révolue, avait été en place de mai 2016 à avril 2019.\r\nDes informations concernant « des centaines de millions d’individus »\r\n\r\n« Le moment est venu pour Facebook d’être placé devant ses responsabilités quant à son traitement des données personnelles des consommateurs », a déclaré la procureure James, citée dans le communiqué publié jeudi. Pour elle, la plateforme « a montré son manque de respect pour les informations personnelles des utilisateurs tout en profitant financièrement de leur utilisation ».\r\n\r\nEt si 1,5 million de comptes de messagerie électronique sont concernés, Facebook a ainsi eu accès à des informations concernant « des centaines de millions d’individus », contenues dans le carnet d’adresses de ces messageries, a souligné la procureure.\r\nTrois milliards de dollars provisionnés en prévision d’une possible amende\r\n\r\nLe bureau du procureur de l’Etat de New York avait déjà ouvert une enquête sur Facebook en mars 2018, celle-ci concernant l’obtention par le cabinet britannique Cambridge Analytica de données personnelles d’utilisateurs du réseau social.\r\n\r\nL’annonce de cette nouvelle enquête intervient au lendemain de la publication des résultats trimestriels de Facebook, qui a révélé, à cette occasion, avoir provisionné trois milliards de dollars en prévision d’une possible amende de l’Agence fédérale de régulation du commerce, la FTC, pour sa gestion des données personnelles des utilisateurs.', 0, '2019-04-29 13:40:56'),
(37, 3, 10, 'SEBASTIEN SALOM', 'Facebook: Le réseau social poursuit des individus', 'Facebook a annoncé jeudi le dépôt d’une plainte contre une entreprise et trois personnes basées en Nouvelle-Zélande, accusées d’avoir fait commerce de fausses mentions like notamment, au moment où le réseau social tente de redorer son blason après plusieurs scandales sur les données privées.\r\n\r\nLa plainte de Facebook déposée dans un tribunal américain soutient que « l’entreprise et les individus (accusés) ont utilisé différentes sociétés et sites Internet pour vendre des mentions factices aux utilisateurs d’Instagram », propriété de Facebook, a affirmé Jessica Romero, responsable des litiges au sein du réseau social qui revendique 2,3 milliards d’abonnés.\r\nDes fausses mentions like\r\n\r\nLes personnes accusées opéraient un service qui offrait à des utilisateurs du réseau Instagram de fausses mentions like, de fausses pages vues et de faux abonnés, affirme-t-elle, citée dans un communiqué publié jeudi soir. Ces différents éléments permettent traditionnellement aux internautes de gagner en visibilité sur les réseaux sociaux, surtout lorsqu’ils ont des visées à but commercial.\r\n\r\nFacebook a dans un premier temps suspendu des comptes associés aux personnes accusées et mis en garde les auteurs du commerce frauduleux. « Mais leur activité a persisté », a rapporté Jessica Romero. « En portant plainte, nous voulons transmettre le message que ce genre d’activités frauduleuses ne seront plus tolérées sur nos plateformes », a ajouté Jessica Romero, affirmant que Facebook agira pour « protéger l’intégrité » des différentes plateformes du groupe.\r\nUn grand ménage interne\r\n\r\nFacebook est actuellement engagé dans un grand ménage interne. Il a annoncé ces derniers jours la suspension de pages de plusieurs groupes britanniques d’extrême droite, le blocage de contenus jugés « inauthentiques » au Pakistan et en Inde, et de pages qualifiées de « trompeuses » en Iran et en Russie.\r\n\r\nFacebook tente également de se racheter une conduite morale après l’éclatement de nombreux scandales liés à l’utilisation indue des données de ses utilisateurs. Le plus emblématique est le scandale Cambridge Analytica en mars 2018 qui avait mis en lumière d’importantes fuites de données personnelles d’usagers.\r\n\r\nLors de la publication de ses résultats trimestriels mercredi, le réseau social fondé par Mark Zuckerberg a affirmé s’attendre à payer une amende de trois à cinq milliards de dollars aux Etats-Unis pour avoir enfreint un accord datant de 2011, aux termes duquel il s’engageait au respect des données personnelles et à la transparence quant à leur utilisation à des fins publicitaires.\r\n\r\nJeudi, la procureure de l’Etat de New York, Letitia James, a par ailleurs annoncé l’ouverture d’une enquête sur le téléchargement indu par Facebook d’1,5 million de carnets d’adresses liés à des comptes de messagerie électronique, révélé la semaine dernière.', 0, '2019-04-29 13:42:16'),
(38, 3, 10, 'AFP', 'Messenger, Whatsapp et Instagram touchés par une panne mondiale', 'De nombreux utilisateurs des applications de la galaxie Facebook ont signalé des problèmes de connexion ce dimanche. Les plateformes Messenger, Whatsapp et Instagram ont été touchées par une panne à l’échelle mondiale qui a duré plus d’une heure.\r\nLe site spécialisé DownDetector a ainsi recensé un pic de signalements de problème pour se connecter en France à Facebook à partir de 12h36, à Instagram à partir de 12h37, à Messenger à partir de 12h44 et à Whatsapp à partir de 12h46. 80 % des utilisateurs des différentes applications auraient ainsi rencontré des problèmes de connexion ce dimanche, selon Netblocks. Après 15 heures, le nombre de signalements avait drastiquement diminué.\r\n« Nous travaillons à résoudre le problème aussi rapidement que possible »\r\n\r\nFacebook n’a pas encore indiqué les raisons de la panne. Un porte-parole du réseau social a indiqué à SkyNews être conscient que « certaines personnes rencontrent actuellement des difficultés pour accéder à notre famille d’applications. Nous travaillons à résoudre le problème aussi rapidement que possible. »\r\n\r\nCette avarie de Facebook est survenue un peu plus d’un mois après une autre panne majeure ayant affecté une grande partie des 2,3 milliards d’utilisateurs mondiaux de la plateforme pendant plusieurs heures. Après l’incident, l’entreprise avait blâmé un « changement de configuration du serveur ».', 0, '2019-04-29 13:43:10'),
(39, 4, 11, 'JEWEL SAMAD AFP', 'Android: Finis les mots de passe', 'Se souvenir de tous ses mots de passe peut vite devenir contraignant. Depuis plusieurs années, le monde de la tech tente de simplifier le processus d’identification tout en augmentant la sécurité pour les utilisateurs. Et c’est un nouveau pas dans cette direction que vient d’accomplir Android.\r\n\r\nLe système d’exploitation de Google a annoncé ce lundi, à Barcelone, être passé à la certification FIDO2. Désormais, sur les appareils fonctionnant sous Android 7 ou supérieur, on pourra se connecter à ses sites Web et applis préférés avec le capteur d’empreinte digitale, rapporte 01net.\r\nPlus de sécurité pour les utilisateurs\r\n\r\nOutre le côté pratique de FIDO2, le nouveau procédé augmente la sécurité des connexions. En effet, si les mots de passe sont stockés sur le serveur – et risquent d’être volés ou perdus –, le standard FIDO2 opère et valide la connexion localement. Finie la circulation du mot de passe ou de l’identifiant entre l’appareil et les serveurs distants du site ou de l’application.\r\n\r\nLa nouvelle fonctionnalité devrait se généraliser prochainement. En attendant, les développeurs vont devoir mettre à jour leurs applications et sites Internet pour permettre la connexion par empreinte digitale. Et les utilisateurs ne disposant pas de cette technologie devront toujours taper leur code PIN, mot de passe, ou autre schéma de connexion et de déverrouillage.', 0, '2019-04-29 13:44:34'),
(40, 4, 11, 'Pixabay', 'Android: Une fraude à la publicité', 'Plusieurs sociétés auraient mis au point un système frauduleux? de publicités rattachées à des applis sous Android. Le programme malveillant activait le téléchargement et la lecture de dizaines de vidéos simultanément.\r\n\r\nL’utilisateur ne s’en rendait pas compte car elles étaient dissimulées derrière une publicité qui, elle, avait sa place sur la plateforme, révèlent la société de cybersécurité Protected Media et BuzzFeed News. Résultat : la batterie du smartphone se vidait bien plus vite qu’à l’ordinaire et la consommation de données 4G explosait.\r\nUne fraude à 20 milliards de dollars\r\n\r\nLes auteurs de l’arnaque facturaient aux marques la diffusion de l’ensemble des publicités, y compris celles qui n’étaient pas visibles pour les utilisateurs. Par contre, ils ne rémunéraient les programmeurs que sur la base des vidéos de promotion apparentes. Et empochaient donc au passage un sacré pactole.\r\n\r\nAu total, on estime que la fraude à la publicité, dont ce procédé ne représente qu’une partie, engendre près de 20 milliards de dollars (environ 17,5 milliards d’euros) par an. Aniview, une entreprise à la tête d’un portail de technologies de publicités vidéo, est soupçonnée par Buzzfeed d’être à l’origine de cette pratique frauduleuse. Mais la société nie toute implication.\r\n\r\nElle affirme que ses outils ont été exploités par d’autres acteurs malintentionnés sans son accord. « Nous avons mis fin à cette activité et lancé des investigations internes toujours en cours », a fait savoir dans un communiqué Alon Carmel, le dirigeant d’Aniview.', 0, '2019-04-29 13:45:14'),
(41, 4, 11, 'Google', 'Google crée des emojis de genre neutre', 'Plusieurs émojis disponibles sur Android vont être déclinés dans un troisième genre voulu comme neutre dans le courant de l’année 2019, révèle le site spécialisé Emojipedia.\r\n\r\nPour accéder à une version ni masculine ni féminine des émoticônes concernées, il suffira de laisser le doigt appuyé sur l’image, comme c’était déjà le cas pour les différentes couleurs de peau disponibles.\r\nPour ne pas associer un métier à un genre\r\n\r\nGoogle aurait annoncé la semaine dernière l’arrivée prochaine de ces nouvelles versions. Cette déclinaison concernera notamment les émoticônes représentant des métiers. Parmi eux, les policiers et les ouvriers du BTP par exemple. D’autres figurines humoristiques ou permettant d’exprimer une humeur seront aussi concernées, comme les personnages croisant les bras, se frappant le front avec la main ou portant des oreilles de lapin.\r\n\r\nL’idée est encore une fois de représenter le plus fidèlement possible la diversité. Ces émojis doivent aussi permettre aux utilisateurs d’évoquer une profession sans forcément lui attacher un genre.\r\nGoogle a retravaillé la coupe de cheveux\r\n\r\nSelon Jennifer Daniel, responsable des émoticônes chez Google, la coupe de cheveux a été déterminante pour créer ces nouveaux émojis.\r\n\r\n« Le genre n’est pas une question de coupe de cheveux, analyse-t-elle. Mais à l’échelle d’un émoji, cela reste un élément majeur de signification pour indiquer ce qui serait autrement impossible à communiquer ».', 0, '2019-04-29 13:46:04'),
(42, 4, 12, 'FRANCES M. ROBERTS', 'Un Américain attaque Apple et réclame un milliard de dollars', 'Un Américain a attaqué Apple en justice ce lundi et réclame un milliard de dollars à la firme à la pomme suite à une interpellation injustifiée en novembre 2018. Ousmane Bah, un étudiant de 18 ans, avait été arrêté par la police à son domicile de New York (Etats-Unis) et accusé d’avoir commis des vols dans des Apple Stores, rapporte Bloomberg.\r\n\r\nPour le plaignant, le système de reconnaissance faciale utilisée dans les magasins de la marque est en cause.\r\nPrésent à Manhattan pendant un vol à Boston\r\n\r\nOusmane Bah dit ainsi avoir vécu un « stress important » face à de « multiples accusations erronées ». Le jeune New-Yorkais affirme que l’un des délits qu’on lui reproche d’avoir commis s’est déroulé dans une boutique de Boston, un jour de juin où il se trouvait à sa cérémonie de remise des diplômes à Manhattan. La photo figurant sur le mandat d’arrêt n’est par ailleurs pas la sienne, avance-t-il dans sa plainte.\r\n\r\nL’étudiant raconte avoir, par le passé, perdu son permis de « conduite accompagnée » dépourvu de photo. Il pense que le vrai voleur a utilisé le document à l’Apple Store et que le système de reconnaissance faciale a associé le visage du malfaiteur à son nom. Ousmane Bah assure ainsi que le géant californien utilise cette technologie pour repérer les individus soupçonnés de vol. Une affirmation qu’Apple a démentie ce mardi.', 0, '2019-04-29 13:47:32'),
(43, 4, 12, 'CHRISTOPHE SEFRIN', 'iPad Mini 2019', 'Apple lance son nouvel iPad Mini et c’est un vrai come-back. La précédente livraison d''un tel appareil remontait à 2015, autant dire une éternité sur la planète numérique. Atterrissant sans crier gare, le nouvel iPad Mini 2019 et son écran de 7,9’’/20,06 cm déboule dans un univers métamorphosé. En 2015, les iPhone 6 et iPhone 6 Plus étaient les stars du constructeur et s’avançaient avec des écrans de 4,7’’/11,93 cm pour l’iPhone 6 et 5,5’’/13,97 pour l’iPhone 6 Plus. Des géants à une époque où 20 Minutes s''interrogeait dans un article titré: «L’iPhone 6Plus est-il trop grand?». On peut en rire désormais...\r\nAujourd’hui, l’iPhone XS Max, le plus grand des iPhones, possède un écran de 6,5’’/16,51 cm! C’est seulement 3,55 cm de moins que l’écran de l’iPad Mini. Et la concurrence n’est pas en reste, avec des écrans toujours plus larges : 6,47’’/16,43 cm pour le Huawei P30 Pro ; 6,4’’/16,25 cm pour le Samsung Galaxy S10 Plus. Ceux que l’on appelait il y a encore peu les « phablettes » deviennent monnaie courante. Et ce, sans forcément dépenser un max : 189 euros pour le Redmi Note 7 et son écran Full HD + de 6,3’’/16 cm! Dans ce contexte, quel intérêt le nouvel iPad Mini vendu à partir de 459 euros peut-il encore avoir ?\r\nUn confort visuel sans équivalent sur les smartphones\r\n\r\nL''intéret est d’abord… celui de son extrême mobilité. Ne pesant que 300 g (pour 20,3 x 13,4 x 0,6 cm), l’iPad Mini est un passe-partout hors pair. Il se glisse dans n’importe quel sac ou sacoche et sait se faire oublier. Les quelques centimètres de diagonale qui séparent sa taille d’écran de celle d’un smartphone XXL continuent de faire la différence. Franchement : il n’y a pas photo ! D’autant que l’iPad Mini passe à l’écran Retina (2048 x 1536 pixels) et qu’il dispose désormais de l’affichage True Tone. Celui-ci adapte sa luminosité et le rendu des couleurs à l’éclairage ambiant.\r\nPour les visionnages vidéo ou le jeu, le petit iPad qui peut facilement se tenir à une main est donc un allié zélé. Même si nous ne sommes pas fans de lecture sur tablette et préférons les liseuses numériques (moins fatigantes à la vue avec leur encre électronique et beaucoup plus autonomes), la nouvelle définition du Mini procure là encore un excellent confort visuel. Y lire un e-book peut devenir source de plaisir, sans fatigue visuelle. Ajoutons le dernier cri des processeurs Apple (A12 Bionic) et la possibilité de l’utiliser avec le S-Pen, le stylet d’Apple (en option à 99 euros). Bref, il y a peu à redire sur l’iPad Mini 2019 qui répondra de facto à d’autres usages que ceux d’un smartphone prêt à être dégainé, lui, à tout instant.\r\nUn design qui ne change malheureusement pas\r\n\r\nMais l’iPad Mini 2019 n’est pas exempt de défauts. Si sa fiche technique revendique des haut-parleurs stéréo, ceux-ci se trouvent en bas de la tablette sous le bouton central. Désolé Apple, mais il ne peut être question de stéréo lorsque l’on regarde une vidéo et que le son ne « sort » que d’un côté de l’écran ! La section photo reste également assez timide avec un capteur de 8 mégapixels seulement à l’arrière. Et le Mini ne peut filmer qu’en Full HD là où tous les smartphones se gargarisent à la 4K. Quant à son autonomie : avec 10 heures d’utilisation, elle reste en deçà de celle de nombreux smartphones désormais.\r\nEnfin, on peut regretter que le constructeur n’ait pas jugé bon de revoir le design de son iPad Mini qui s’avance sans la moindre évolution esthétique. Un vrai coup de neuf aurait pu supposer le passage d’un écran 4/3 à un écran 16/9e, par exemple. Devra-t-on attendre encore 4 ans pour voir l’iPad Mini effectuer sa mue ? Et d''ici là, les smartphones pliables se seront-ils imposés? Ouvert, l''écran du Galaxy Fold de Samsung meusure 7,3''''/18,54 cm. C''est seulement 1,52 cm de moins que celui de l''iPad Mini...', 0, '2019-04-29 13:48:42'),
(44, 4, 12, 'Francis Dean', 'Le gouvernement indien veut bannir l''accès au réseau social', 'Le ministère des Technologies de l’Information indien a sommé ce mardi Google et Apple de retirer de leur boutique en ligne l’application Tik Tok. Prisé des adolescents, ce réseau social de partage de vidéos est accusé de propagation de contenus pornographiques.\r\n\r\nPropriété du groupe chinois ByteDance, Tik Tok est la quatrième application (hors applications de jeux) la plus téléchargée en 2018 sur App Store et Google Play, derrière WhatsApp, Messenger et Facebook.\r\n120 millions d’utilisateurs en Inde\r\n\r\nSelon les médias, un tribunal de Madras a demandé le 3 avril dernier au gouvernement d’ordonner la fermeture du réseau social. Un groupe de militants a ainsi accusé Tik Tok, qui permet de créer et partager des vidéos de 15 secondes, d’encourager la pédophilie et la pornographie.\r\n\r\nLa société, qui revendique 500 millions d’utilisateurs dans le monde, dont 120 millions en Inde, a contesté ce jugement. Il doit être examiné le 22 avril par la Cour suprême indienne. « Nous avons confiance dans le système judiciaire indien et nous sommes optimistes » sur l’issue de la procédure, a affirmé Tik Tok dans un communiqué.\r\nDéjà interdit au Bangladesh\r\n\r\nSous pression, le réseau social avait indiqué la semaine dernière avoir retiré depuis juillet six millions de vidéos en Inde qui violaient ses règles d’utilisation afin de maintenir un « espace sûr et positif pour nos utilisateurs indiens ».\r\n\r\nTik Tok a déjà été interdit au Bangladesh et condamné à une amende de 5,7 millions de dollars (un peu plus de 5 millions d’euros) aux Etats-Unis pour avoir collecté illégalement des données personnelles de mineurs.', 2, '2019-04-29 13:49:37'),
(45, 4, 13, ' FRED SCHEIBER', 'Doubs: Deux ans de prison', 'Sous pseudo, l’internaute avait multiplié les posts Facebook violents jusqu’à son interpellation mi-janvier. Originaire de Charquemont dans le Doubs, l’homme âgé de 29 ans a notamment appelé à « tuer du flic » sur le réseau social. « Ce pays mérite 50 attentats par jour minimum », « Mort aux sionistes, aux oligarques », « Journalistes vendus. A abattre avec leurs gosses » sont quelques-uns des autres messages publiés sur Internet. Ce qui a valu une alerte de la préfecture de police de Paris, indique l''Est républicain.\r\n\r\nAu final, le Doubien a été poursuivi pour apologie d’un acte terroriste, menace de mort sur personne dépositaire de l’autorité publique, diffusion par réseau de communications électroniques de procédés permettant la fabrication d’engins de destruction. A la barre, le prévenu regrette : « Mes mots ont dépassé ma pensée ». Il a été condamné à deux ans de prison avec sursis. Une peine entre autres accompagnée d’une obligation d’effectuer un stage lié à la citoyenneté, détaille le quotidien de l’Est.', 0, '2019-04-29 13:51:15'),
(46, 4, 13, 'SEBASTIEN ', 'Poursuit des individus en Nouvelle-Zélande', 'Facebook a annoncé jeudi le dépôt d’une plainte contre une entreprise et trois personnes basées en Nouvelle-Zélande, accusées d’avoir fait commerce de fausses mentions like notamment, au moment où le réseau social tente de redorer son blason après plusieurs scandales sur les données privées.\r\n\r\nLa plainte de Facebook déposée dans un tribunal américain soutient que « l’entreprise et les individus (accusés) ont utilisé différentes sociétés et sites Internet pour vendre des mentions factices aux utilisateurs d’Instagram », propriété de Facebook, a affirmé Jessica Romero, responsable des litiges au sein du réseau social qui revendique 2,3 milliards d’abonnés.\r\nDes fausses mentions like\r\n\r\nLes personnes accusées opéraient un service qui offrait à des utilisateurs du réseau Instagram de fausses mentions like, de fausses pages vues et de faux abonnés, affirme-t-elle, citée dans un communiqué publié jeudi soir. Ces différents éléments permettent traditionnellement aux internautes de gagner en visibilité sur les réseaux sociaux, surtout lorsqu’ils ont des visées à but commercial.\r\n\r\nFacebook a dans un premier temps suspendu des comptes associés aux personnes accusées et mis en garde les auteurs du commerce frauduleux. « Mais leur activité a persisté », a rapporté Jessica Romero. « En portant plainte, nous voulons transmettre le message que ce genre d’activités frauduleuses ne seront plus tolérées sur nos plateformes », a ajouté Jessica Romero, affirmant que Facebook agira pour « protéger l’intégrité » des différentes plateformes du groupe.\r\nUn grand ménage interne\r\n\r\nFacebook est actuellement engagé dans un grand ménage interne. Il a annoncé ces derniers jours la suspension de pages de plusieurs groupes britanniques d’extrême droite, le blocage de contenus jugés « inauthentiques » au Pakistan et en Inde, et de pages qualifiées de « trompeuses » en Iran et en Russie.\r\n\r\nFacebook tente également de se racheter une conduite morale après l’éclatement de nombreux scandales liés à l’utilisation indue des données de ses utilisateurs. Le plus emblématique est le scandale Cambridge Analytica en mars 2018 qui avait mis en lumière d’importantes fuites de données personnelles d’usagers.\r\n\r\nLors de la publication de ses résultats trimestriels mercredi, le réseau social fondé par Mark Zuckerberg a affirmé s’attendre à payer une amende de trois à cinq milliards de dollars aux Etats-Unis pour avoir enfreint un accord datant de 2011, aux termes duquel il s’engageait au respect des données personnelles et à la transparence quant à leur utilisation à des fins publicitaires.\r\n\r\nJeudi, la procureure de l’Etat de New York, Letitia James, a par ailleurs annoncé l’ouverture d’une enquête sur le téléchargement indu par Facebook d’1,5 million de carnets d’adresses liés à des comptes de messagerie électronique, révélé la semaine dernière.', 0, '2019-04-29 13:53:34'),
(47, 4, 13, 'ISOPIX/SIPA', 'Facebook: Les adresses mail de 1,5 million d''utilisateurs', 'Un nouveau problème de confidentialité vient entacher la réputation de Facebook. Le réseau social a reconnu ce mercredi avoir téléchargé par erreur les adresses mails d’1,5 million d’utilisateurs. Le bug survenait quand l’internaute se créait un compte personnel, rapporte Le Parisien.\r\n\r\nDans un communiqué adressé à Business Insider, l’entreprise de Mark Zuckerberg admet l’existence d’un «  bug informatique » qui remonterait à mai 2016. « Lorsque nous avons examiné les étapes suivies par les gens pour vérifier leurs comptes, nous avons constaté que, dans certains cas, leurs contacts mail étaient également téléchargés involontairement », indique Facebook. « Nous avons corrigé le problème sous-jacent. »\r\nUne énième polémique en vue\r\n\r\nLe réseau social assure que tous les membres concernés par cette erreur informatique seront prévenus. Il précise également que ces données confidentielles n’ont pas été partagées avec des tiers, et qu’elles seront intégralement supprimées des serveurs de l’entreprise.\r\n\r\nC’est un nouveau coup dur pour Facebook, régulièrement critiqué pour sa gestion des données personnelles. Ce mardi, la NBC publiait d’ailleurs une enquête démontrant que Mark Zuckerberg avait songé à plusieurs reprises à commercialiser les informations des utilisateurs du réseau social.', 0, '2019-04-29 13:54:45');

-- --------------------------------------------------------

--
-- Table structure for table `sous_categorie`
--

CREATE TABLE IF NOT EXISTS `sous_categorie` (
  `id_sous_categorie` int(11) NOT NULL AUTO_INCREMENT,
  `id_categorie` int(11) NOT NULL,
  `sous_categorie` varchar(250) NOT NULL,
  PRIMARY KEY (`id_sous_categorie`)
) ENGINE=MyISAM  DEFAULT CHARSET=latin1 AUTO_INCREMENT=14 ;

--
-- Dumping data for table `sous_categorie`
--

INSERT INTO `sous_categorie` (`id_sous_categorie`, `id_categorie`, `sous_categorie`) VALUES
(1, 1, 'Monde'),
(2, 1, 'Politique'),
(3, 1, 'Sante'),
(4, 2, 'Automobile'),
(5, 2, 'Emploi'),
(6, 2, 'Immobilier'),
(8, 3, 'Musique'),
(9, 3, 'People'),
(10, 3, 'Web'),
(11, 4, 'Android'),
(12, 4, 'Apple'),
(13, 4, 'Facebook');

/*!40101 SET CHARACTER_SET_CLIENT=@OLD_CHARACTER_SET_CLIENT */;
/*!40101 SET CHARACTER_SET_RESULTS=@OLD_CHARACTER_SET_RESULTS */;
/*!40101 SET COLLATION_CONNECTION=@OLD_COLLATION_CONNECTION */;
